group,ndc_code
omeprazole,00093521001
omeprazole,00093521101
omeprazole,00093521110
omeprazole,00093521119
omeprazole,00093521156
omeprazole,00093521193
omeprazole,00093521201
omeprazole,00093521210
omeprazole,00093529410
omeprazole,00093529456
omeprazole,00093529498
omeprazole,00093645056
omeprazole,00093645098
omeprazole,00093645156
omeprazole,00093645198
omeprazole,00113089803
omeprazole,00113091530
omeprazole,00113091555
omeprazole,00113091574
omeprazole,00179180470
omeprazole,00186038230
omeprazole,00186038290
omeprazole,00186038430
omeprazole,00186038490
omeprazole,00186051060
omeprazole,00186052039
omeprazole,00186052060
omeprazole,00186060628
omeprazole,00186060631
omeprazole,00186060668
omeprazole,00186060682
omeprazole,00186061001
omeprazole,00186062501
omeprazole,00186074228
omeprazole,00186074231
omeprazole,00186074282
omeprazole,00186074328
omeprazole,00186074331
omeprazole,00186074368
omeprazole,00186074382
omeprazole,00186401001
omeprazole,00186402001
omeprazole,00186402501
omeprazole,00186404001
omeprazole,00186405001
omeprazole,00186502031
omeprazole,00186502054
omeprazole,00186502082
omeprazole,00186502228
omeprazole,00186504031
omeprazole,00186504035
omeprazole,00186504054
omeprazole,00186504055
omeprazole,00186504082
omeprazole,00186504085
omeprazole,00186504225
omeprazole,00186504228
omeprazole,00186602001
omeprazole,00186604001
omeprazole,00378235010
omeprazole,00378235077
omeprazole,00378235093
omeprazole,00378235110
omeprazole,00378235177
omeprazole,00378235193
omeprazole,00378253010
omeprazole,00378253093
omeprazole,00378253110
omeprazole,00378253193
omeprazole,00378521193
omeprazole,00378521195
omeprazole,00378522205
omeprazole,00378522293
omeprazole,00378615001
omeprazole,00378615010
omeprazole,00378615077
omeprazole,00378615093
omeprazole,00378615097
omeprazole,00395811943
omeprazole,00395811952
omeprazole,00395811956
omeprazole,00395811962
omeprazole,00403535118
omeprazole,00536113113
omeprazole,00536113171
omeprazole,00536113188
omeprazole,00573245014
omeprazole,00573245015
omeprazole,00573245028
omeprazole,00573245042
omeprazole,00573245056
omeprazole,00573245114
omeprazole,00573245142
omeprazole,00573245214
omeprazole,00573245242
omeprazole,00781223201
omeprazole,00781223210
omeprazole,00781223231
omeprazole,00781223301
omeprazole,00781223310
omeprazole,00781223331
omeprazole,00781223392
omeprazole,00781223401
omeprazole,00781223410
omeprazole,00781223431
omeprazole,00781278501
omeprazole,00781278510
omeprazole,00781278531
omeprazole,00781279001
omeprazole,00781279010
omeprazole,00781279031
omeprazole,00781279092
omeprazole,00781285901
omeprazole,00781285910
omeprazole,00781285931
omeprazole,00781286801
omeprazole,00781286810
omeprazole,00781286831
omeprazole,00781286892
omeprazole,00904568461
omeprazole,00904571489
omeprazole,00904571589
omeprazole,00904583441
omeprazole,00904583442
omeprazole,00904583471
omeprazole,00904583494
omeprazole,00904613561
omeprazole,00904614461
omeprazole,00904658168
omeprazole,00904691761
omeprazole,10544034130
omeprazole,10544087830
omeprazole,10544089530
omeprazole,10695006550
omeprazole,10695006570
omeprazole,11523726501
omeprazole,11523726503
omeprazole,11822030525
omeprazole,11822040426
omeprazole,11822050525
omeprazole,11822050526
omeprazole,11822050527
omeprazole,11822053752
omeprazole,11822057351
omeprazole,11822057352
omeprazole,11822057353
omeprazole,11822057393
omeprazole,11822068620
omeprazole,11822068621
omeprazole,11822068622
omeprazole,11822068623
omeprazole,12280000130
omeprazole,12280000190
omeprazole,12280001515
omeprazole,12280024530
omeprazole,12634024071
omeprazole,13107011530
omeprazole,13107011630
omeprazole,13668015410
omeprazole,13668015430
omeprazole,13668015490
omeprazole,13668015510
omeprazole,13668015530
omeprazole,13668015590
omeprazole,16590017610
omeprazole,16590017614
omeprazole,16590017615
omeprazole,16590017628
omeprazole,16590017630
omeprazole,16590017656
omeprazole,16590017660
omeprazole,16590017672
omeprazole,16590017682
omeprazole,16590017690
omeprazole,16590031430
omeprazole,16590033430
omeprazole,16590033460
omeprazole,16590033490
omeprazole,16590050915
omeprazole,16590050928
omeprazole,16590050930
omeprazole,16590050960
omeprazole,16590050972
omeprazole,16590050990
omeprazole,16590062515
omeprazole,16590062528
omeprazole,16590062530
omeprazole,16590062560
omeprazole,16590077330
omeprazole,16590077360
omeprazole,16590077390
omeprazole,16590079315
omeprazole,16590079328
omeprazole,16590079330
omeprazole,16590079356
omeprazole,16590095760
omeprazole,16714012301
omeprazole,16714012302
omeprazole,16714012303
omeprazole,16714050801
omeprazole,16714050901
omeprazole,16714071401
omeprazole,16714071501
omeprazole,16714071502
omeprazole,16714071503
omeprazole,16714073501
omeprazole,16714073502
omeprazole,16714073601
omeprazole,16714073602
omeprazole,16714074601
omeprazole,16714074701
omeprazole,16714074702
omeprazole,16714074703
omeprazole,16714074801
omeprazole,16714074802
omeprazole,16714074804
omeprazole,16714097901
omeprazole,16714097902
omeprazole,16714098001
omeprazole,16714098002
omeprazole,16729025266
omeprazole,16729025269
omeprazole,17478085010
omeprazole,17856011820
omeprazole,17856015920
omeprazole,18837010660
omeprazole,18837010730
omeprazole,18837010790
omeprazole,18837011607
omeprazole,18837011615
omeprazole,18837011630
omeprazole,18837011660
omeprazole,18837011690
omeprazole,18837012630
omeprazole,18837012690
omeprazole,18837026910
omeprazole,18837026930
omeprazole,21695009110
omeprazole,21695009130
omeprazole,21695009160
omeprazole,21695009215
omeprazole,21695009230
omeprazole,21695009730
omeprazole,21695009760
omeprazole,21695009772
omeprazole,21695009807
omeprazole,21695009810
omeprazole,21695009814
omeprazole,21695009815
omeprazole,21695009830
omeprazole,21695009860
omeprazole,21695009872
omeprazole,21695009890
omeprazole,21695047614
omeprazole,21695061730
omeprazole,21695061760
omeprazole,21695061790
omeprazole,23490603601
omeprazole,23490603603
omeprazole,23490603606
omeprazole,23490603609
omeprazole,23490689703
omeprazole,23490689706
omeprazole,23490689709
omeprazole,23490753401
omeprazole,23490761103
omeprazole,23490785803
omeprazole,23490785806
omeprazole,23490785809
omeprazole,23490902003
omeprazole,27241002931
omeprazole,27241002962
omeprazole,27241003031
omeprazole,27241003062
omeprazole,27241003103
omeprazole,27241003203
omeprazole,31722057210
omeprazole,31722057230
omeprazole,31722057290
omeprazole,31722057310
omeprazole,31722057330
omeprazole,31722057390
omeprazole,33261008700
omeprazole,33261008702
omeprazole,33261008706
omeprazole,33261008707
omeprazole,33261008714
omeprazole,33261008720
omeprazole,33261008721
omeprazole,33261008728
omeprazole,33261008730
omeprazole,33261008740
omeprazole,33261008742
omeprazole,33261008760
omeprazole,33261008790
omeprazole,33261011706
omeprazole,33261011707
omeprazole,33261011714
omeprazole,33261011721
omeprazole,33261011728
omeprazole,33261011730
omeprazole,33261011740
omeprazole,33261011760
omeprazole,33261011790
omeprazole,33261044107
omeprazole,33261044114
omeprazole,33261044121
omeprazole,33261044128
omeprazole,33261044130
omeprazole,33261044140
omeprazole,33261044160
omeprazole,33261044190
omeprazole,33261056700
omeprazole,33261056730
omeprazole,33261056760
omeprazole,33261056790
omeprazole,33358026030
omeprazole,33358026060
omeprazole,33358027310
omeprazole,33358027318
omeprazole,33358027328
omeprazole,33358027330
omeprazole,33358027360
omeprazole,33358027390
omeprazole,35356064430
omeprazole,35356064460
omeprazole,35356064490
omeprazole,35356081114
omeprazole,35356081130
omeprazole,35356081160
omeprazole,35356081190
omeprazole,35356089160
omeprazole,36800091501
omeprazole,36800091503
omeprazole,36800091530
omeprazole,36800091555
omeprazole,36800091574
omeprazole,37000045502
omeprazole,37000045503
omeprazole,37000045504
omeprazole,37000045505
omeprazole,37000045902
omeprazole,37000045903
omeprazole,37000045904
omeprazole,37205083706
omeprazole,37205083715
omeprazole,37205083774
omeprazole,38779193500
omeprazole,38779193501
omeprazole,38779193502
omeprazole,38779193503
omeprazole,38779193504
omeprazole,38779193505
omeprazole,38779193506
omeprazole,38779193507
omeprazole,38779193508
omeprazole,38779193509
omeprazole,38779225103
omeprazole,38779225105
omeprazole,38779225107
omeprazole,38779225108
omeprazole,38779225109
omeprazole,38779318300
omeprazole,38779318301
omeprazole,38779318303
omeprazole,38779318304
omeprazole,38779318305
omeprazole,38779318306
omeprazole,38779318307
omeprazole,38779318308
omeprazole,38779318309
omeprazole,42254004330
omeprazole,42254004360
omeprazole,42254004372
omeprazole,42254005307
omeprazole,42254005314
omeprazole,42254005315
omeprazole,42254005330
omeprazole,42254005360
omeprazole,42254005372
omeprazole,42254005390
omeprazole,42254024660
omeprazole,42291057210
omeprazole,42291057310
omeprazole,42291058530
omeprazole,42292000901
omeprazole,42292000916
omeprazole,42292001001
omeprazole,42292001016
omeprazole,42549054130
omeprazole,42549054160
omeprazole,42549054190
omeprazole,42549065830
omeprazole,42549065860
omeprazole,42549065890
omeprazole,43063021214
omeprazole,43063021230
omeprazole,43063021260
omeprazole,43063021290
omeprazole,43063021293
omeprazole,43063045190
omeprazole,43063054990
omeprazole,43063074314
omeprazole,43063074330
omeprazole,43063074360
omeprazole,43063074390
omeprazole,43598040727
omeprazole,43598040733
omeprazole,43598040752
omeprazole,43598050910
omeprazole,43598050930
omeprazole,43598050990
omeprazole,43598051010
omeprazole,43598051030
omeprazole,43598051090
omeprazole,45802088830
omeprazole,45802088855
omeprazole,45865034200
omeprazole,45865034230
omeprazole,45865034251
omeprazole,45865034260
omeprazole,45865034290
omeprazole,46122002903
omeprazole,46122002904
omeprazole,46122002974
omeprazole,46122002999
omeprazole,46122028104
omeprazole,46122028174
omeprazole,46122053803
omeprazole,46122053804
omeprazole,46122053874
omeprazole,46122061604
omeprazole,47335050844
omeprazole,47335050944
omeprazole,47463055430
omeprazole,49348084661
omeprazole,49452489101
omeprazole,49452489102
omeprazole,49452489103
omeprazole,49452489105
omeprazole,49452489106
omeprazole,49614023830
omeprazole,49614023866
omeprazole,49884026811
omeprazole,49884026852
omeprazole,49884026911
omeprazole,49884026952
omeprazole,49884039711
omeprazole,49884045511
omeprazole,49999026500
omeprazole,49999026501
omeprazole,49999026514
omeprazole,49999026515
omeprazole,49999026528
omeprazole,49999026530
omeprazole,49999026540
omeprazole,49999026560
omeprazole,49999026590
omeprazole,49999030715
omeprazole,49999030730
omeprazole,49999030790
omeprazole,49999061100
omeprazole,49999061130
omeprazole,49999061160
omeprazole,49999074214
omeprazole,50090074200
omeprazole,50090115700
omeprazole,50090115701
omeprazole,50090137000
omeprazole,50090137002
omeprazole,50090146000
omeprazole,50090149200
omeprazole,50090206700
omeprazole,50090206702
omeprazole,50090276900
omeprazole,50090276901
omeprazole,50090276902
omeprazole,50090290100
omeprazole,50090290102
omeprazole,50090290103
omeprazole,50090290104
omeprazole,50090290105
omeprazole,50090290106
omeprazole,50090290107
omeprazole,50090290108
omeprazole,50090290109
omeprazole,50090302300
omeprazole,50090302301
omeprazole,50090303101
omeprazole,50090306000
omeprazole,50090306002
omeprazole,50090306003
omeprazole,50090306004
omeprazole,50090306005
omeprazole,50090306006
omeprazole,50090306007
omeprazole,50090306008
omeprazole,50090306009
omeprazole,50090306501
omeprazole,50268061911
omeprazole,50268061915
omeprazole,50268062011
omeprazole,50268062015
omeprazole,50436006501
omeprazole,50436006502
omeprazole,50436006503
omeprazole,50436014601
omeprazole,50436014602
omeprazole,50436039601
omeprazole,50436039602
omeprazole,50436312001
omeprazole,50436312101
omeprazole,50436312501
omeprazole,50436312502
omeprazole,50436312503
omeprazole,50436312601
omeprazole,50436312602
omeprazole,51079000701
omeprazole,51079000717
omeprazole,51079000719
omeprazole,51079000720
omeprazole,51079000730
omeprazole,51079000756
omeprazole,51407012901
omeprazole,51407012910
omeprazole,51407012930
omeprazole,51407012990
omeprazole,51407013001
omeprazole,51407013005
omeprazole,51407013030
omeprazole,51407013090
omeprazole,51407025601
omeprazole,51407025610
omeprazole,51407030301
omeprazole,51407030310
omeprazole,51552105002
omeprazole,51552105004
omeprazole,51552105005
omeprazole,51552105007
omeprazole,51552135001
omeprazole,51552144305
omeprazole,51552144306
omeprazole,51655002226
omeprazole,51655002326
omeprazole,51927344500
omeprazole,51991064233
omeprazole,51991064290
omeprazole,51991064310
omeprazole,51991064333
omeprazole,51991064390
omeprazole,51991064405
omeprazole,51991064433
omeprazole,51991064490
omeprazole,52246020001
omeprazole,52246020030
omeprazole,52246040001
omeprazole,52246040030
omeprazole,52372062401
omeprazole,52372062402
omeprazole,52372062403
omeprazole,52372062404
omeprazole,52372062405
omeprazole,52959053604
omeprazole,52959053610
omeprazole,52959053614
omeprazole,52959053615
omeprazole,52959053628
omeprazole,52959053630
omeprazole,52959053660
omeprazole,52959064230
omeprazole,52959064290
omeprazole,52959072200
omeprazole,52959072207
omeprazole,52959072210
omeprazole,52959072214
omeprazole,52959072215
omeprazole,52959072218
omeprazole,52959072220
omeprazole,52959072230
omeprazole,52959072260
omeprazole,52959072275
omeprazole,52959072290
omeprazole,52959091710
omeprazole,52959099898
omeprazole,53746095503
omeprazole,53746095703
omeprazole,54569326700
omeprazole,54569326702
omeprazole,54569482800
omeprazole,54569527300
omeprazole,54569527400
omeprazole,54569527401
omeprazole,54569536700
omeprazole,54569548200
omeprazole,54569548202
omeprazole,54569548203
omeprazole,54569548204
omeprazole,54569548205
omeprazole,54569548206
omeprazole,54569548207
omeprazole,54569548208
omeprazole,54569548209
omeprazole,54569558200
omeprazole,54569616500
omeprazole,54569616501
omeprazole,54569643100
omeprazole,54569643101
omeprazole,54569643102
omeprazole,54569654600
omeprazole,54569654900
omeprazole,54569655100
omeprazole,54569659200
omeprazole,54569659201
omeprazole,54569673700
omeprazole,54569673701
omeprazole,54569855000
omeprazole,54569912000
omeprazole,54868216900
omeprazole,54868216901
omeprazole,54868216903
omeprazole,54868216904
omeprazole,54868449500
omeprazole,54868449501
omeprazole,54868451000
omeprazole,54868451001
omeprazole,54868451002
omeprazole,54868451003
omeprazole,54868463500
omeprazole,54868471400
omeprazole,54868471401
omeprazole,54868471402
omeprazole,54868471403
omeprazole,54868471404
omeprazole,54868541002
omeprazole,54868561100
omeprazole,54868591100
omeprazole,54868598700
omeprazole,54868598701
omeprazole,54868608500
omeprazole,54868608501
omeprazole,55045307101
omeprazole,55045307102
omeprazole,55045307103
omeprazole,55045307104
omeprazole,55045307106
omeprazole,55045307108
omeprazole,55045307109
omeprazole,55045309708
omeprazole,55045310901
omeprazole,55045310902
omeprazole,55045310904
omeprazole,55045343208
omeprazole,55045345008
omeprazole,55048053930
omeprazole,55048054030
omeprazole,55048055430
omeprazole,55048055460
omeprazole,55048055490
omeprazole,55048055530
omeprazole,55048061330
omeprazole,55048066005
omeprazole,55048066060
omeprazole,55111015701
omeprazole,55111015730
omeprazole,55111015801
omeprazole,55111015810
omeprazole,55111015830
omeprazole,55111015834
omeprazole,55111015901
omeprazole,55111015905
omeprazole,55111015930
omeprazole,55111028960
omeprazole,55111036330
omeprazole,55111036430
omeprazole,55111039727
omeprazole,55111039728
omeprazole,55111039733
omeprazole,55111039742
omeprazole,55111039752
omeprazole,55111039774
omeprazole,55111049230
omeprazole,55111049330
omeprazole,55111064501
omeprazole,55111064505
omeprazole,55111064530
omeprazole,55111064534
omeprazole,55111070160
omeprazole,55150018505
omeprazole,55154334800
omeprazole,55154568100
omeprazole,55154664800
omeprazole,55154727700
omeprazole,55175281903
omeprazole,55289039428
omeprazole,55289071410
omeprazole,55289071428
omeprazole,55289097114
omeprazole,55289097130
omeprazole,55289097160
omeprazole,55289097190
omeprazole,55289097193
omeprazole,55700004630
omeprazole,55700037730
omeprazole,55700037760
omeprazole,55700037790
omeprazole,55700041030
omeprazole,55700041060
omeprazole,55700041090
omeprazole,55700042830
omeprazole,55700069314
omeprazole,55700069330
omeprazole,55700069360
omeprazole,55700069390
omeprazole,55700085630
omeprazole,55700088930
omeprazole,55887039020
omeprazole,55887039030
omeprazole,55887039060
omeprazole,55887039090
omeprazole,55887039614
omeprazole,55887039620
omeprazole,55887039630
omeprazole,55887039640
omeprazole,55887039660
omeprazole,55887039690
omeprazole,55887063614
omeprazole,55887063630
omeprazole,55887063660
omeprazole,55887063682
omeprazole,55887063690
omeprazole,57237016001
omeprazole,57237016030
omeprazole,57237016101
omeprazole,57237016130
omeprazole,57237016190
omeprazole,57237016199
omeprazole,57237016201
omeprazole,57237016230
omeprazole,57237016290
omeprazole,57841115001
omeprazole,57841115002
omeprazole,57866006001
omeprazole,57866312101
omeprazole,57866312201
omeprazole,57866312501
omeprazole,57866312502
omeprazole,57896075928
omeprazole,57896075942
omeprazole,57896096042
omeprazole,58016021000
omeprazole,58016021002
omeprazole,58016021030
omeprazole,58016021060
omeprazole,58016021090
omeprazole,58016032700
omeprazole,58016032730
omeprazole,58016032760
omeprazole,58016032790
omeprazole,58016038400
omeprazole,58016038402
omeprazole,58016038430
omeprazole,58016038460
omeprazole,58016038490
omeprazole,58016066900
omeprazole,58016066902
omeprazole,58016066930
omeprazole,58016066960
omeprazole,58016066990
omeprazole,58016077600
omeprazole,58016077630
omeprazole,58016077660
omeprazole,58016077690
omeprazole,58016082400
omeprazole,58016082430
omeprazole,58016082460
omeprazole,58016082490
omeprazole,58016087700
omeprazole,58016087702
omeprazole,58016087714
omeprazole,58016087715
omeprazole,58016087730
omeprazole,58016087742
omeprazole,58016087760
omeprazole,58016087790
omeprazole,58016087799
omeprazole,58016092500
omeprazole,58016092502
omeprazole,58016092530
omeprazole,58016092560
omeprazole,58016092590
omeprazole,58016092599
omeprazole,58016461400
omeprazole,58016461403
omeprazole,58016461406
omeprazole,58016461409
omeprazole,58864076330
omeprazole,58864083230
omeprazole,58864083260
omeprazole,59088070100
omeprazole,59651000101
omeprazole,59651000130
omeprazole,59651000205
omeprazole,59651000290
omeprazole,59651000299
omeprazole,59651000301
omeprazole,59651000305
omeprazole,59651000330
omeprazole,59779050301
omeprazole,59779050302
omeprazole,59779050303
omeprazole,59779050355
omeprazole,59779073201
omeprazole,59779073203
omeprazole,60346068130
omeprazole,60429015701
omeprazole,60429015703
omeprazole,60429015704
omeprazole,60429015705
omeprazole,60429015708
omeprazole,60429015710
omeprazole,60429015718
omeprazole,60429015730
omeprazole,60429015736
omeprazole,60429015760
omeprazole,60429015790
omeprazole,60429027010
omeprazole,60429027090
omeprazole,60429027105
omeprazole,60429027190
omeprazole,60429089905
omeprazole,60429089990
omeprazole,60429097405
omeprazole,60429097490
omeprazole,60505006500
omeprazole,60505006501
omeprazole,60505006502
omeprazole,60505006507
omeprazole,60505006508
omeprazole,60505014500
omeprazole,60505014501
omeprazole,60505014502
omeprazole,60505014600
omeprazole,60505014601
omeprazole,60505014602
omeprazole,60505014609
omeprazole,60505395203
omeprazole,60687023501
omeprazole,60687023511
omeprazole,60687024601
omeprazole,60687024611
omeprazole,60760024630
omeprazole,60760039530
omeprazole,60760039605
omeprazole,60760039607
omeprazole,60760039620
omeprazole,60760039630
omeprazole,60760039660
omeprazole,60760039690
omeprazole,60760050430
omeprazole,60760052105
omeprazole,60760052110
omeprazole,60760052114
omeprazole,60760052120
omeprazole,60760052130
omeprazole,60760052160
omeprazole,60760052190
omeprazole,60760052230
omeprazole,60760052290
omeprazole,61113060628
omeprazole,61113060631
omeprazole,61113060668
omeprazole,61113060682
omeprazole,61113074228
omeprazole,61113074231
omeprazole,61113074282
omeprazole,61113074328
omeprazole,61113074331
omeprazole,61113074368
omeprazole,61113074382
omeprazole,61919017614
omeprazole,61919017615
omeprazole,61919017630
omeprazole,61919017660
omeprazole,61919017672
omeprazole,61919017690
omeprazole,61919024114
omeprazole,61919024130
omeprazole,61919024160
omeprazole,61919024190
omeprazole,61919024330
omeprazole,61919050930
omeprazole,61919077330
omeprazole,61919077360
omeprazole,61919077390
omeprazole,61919078930
omeprazole,61919078960
omeprazole,61919080714
omeprazole,61919080715
omeprazole,61919080730
omeprazole,61919080760
omeprazole,61919080790
omeprazole,61919083430
omeprazole,61919084730
omeprazole,61919084760
omeprazole,61919084790
omeprazole,61919086830
omeprazole,62011033201
omeprazole,62011033202
omeprazole,62011033203
omeprazole,62037064001
omeprazole,62037064010
omeprazole,62037064030
omeprazole,62175011432
omeprazole,62175011437
omeprazole,62175011832
omeprazole,62175011837
omeprazole,62175011841
omeprazole,62175011843
omeprazole,62175013632
omeprazole,62175013637
omeprazole,62175013643
omeprazole,62175082032
omeprazole,62175082043
omeprazole,62175082046
omeprazole,62175084032
omeprazole,62175084043
omeprazole,62175084046
omeprazole,62682400106
omeprazole,62756050844
omeprazole,62756050944
omeprazole,62991240001
omeprazole,62991240002
omeprazole,62991240003
omeprazole,62991240004
omeprazole,62991240005
omeprazole,63187007030
omeprazole,63187007060
omeprazole,63187017030
omeprazole,63187050960
omeprazole,63187078730
omeprazole,63187078778
omeprazole,63187078790
omeprazole,63187080560
omeprazole,63187082006
omeprazole,63187082014
omeprazole,63187082030
omeprazole,63187082060
omeprazole,63187082078
omeprazole,63187082090
omeprazole,63187082830
omeprazole,63187082890
omeprazole,63304044501
omeprazole,63304044510
omeprazole,63304044530
omeprazole,63304073410
omeprazole,63304073430
omeprazole,63304073490
omeprazole,63304073510
omeprazole,63304073530
omeprazole,63304073590
omeprazole,63307035505
omeprazole,63307035511
omeprazole,63307035515
omeprazole,63307035527
omeprazole,63307035549
omeprazole,63370021425
omeprazole,63370021435
omeprazole,63370021450
omeprazole,63629260700
omeprazole,63629260701
omeprazole,63629260702
omeprazole,63629260703
omeprazole,63629260704
omeprazole,63629260705
omeprazole,63629260706
omeprazole,63629260707
omeprazole,63629260708
omeprazole,63629260709
omeprazole,63629331101
omeprazole,63629331102
omeprazole,63629331103
omeprazole,63629380901
omeprazole,63629435801
omeprazole,63629435802
omeprazole,63629435803
omeprazole,63629435804
omeprazole,63629459401
omeprazole,63629459402
omeprazole,63629459403
omeprazole,63629459404
omeprazole,63629459405
omeprazole,63739035810
omeprazole,63739044510
omeprazole,63739044543
omeprazole,63868017714
omeprazole,63868017728
omeprazole,63868017742
omeprazole,63874055304
omeprazole,63874055310
omeprazole,63874055314
omeprazole,63874055315
omeprazole,63874055330
omeprazole,63874055360
omeprazole,63874055390
omeprazole,63874106000
omeprazole,63874106003
omeprazole,63874106005
omeprazole,63874106006
omeprazole,63874106009
omeprazole,64950042430
omeprazole,64950042490
omeprazole,64950042530
omeprazole,64950042590
omeprazole,65162095703
omeprazole,65224070711
omeprazole,65628007003
omeprazole,65628007005
omeprazole,65628007010
omeprazole,65862078330
omeprazole,65862078390
omeprazole,65862078430
omeprazole,65862078490
omeprazole,66105055603
omeprazole,66105055703
omeprazole,66105055803
omeprazole,66105083003
omeprazole,66220042202
omeprazole,66267059210
omeprazole,66267059230
omeprazole,66267059260
omeprazole,66267101703
omeprazole,66336070530
omeprazole,66336070560
omeprazole,66336070590
omeprazole,66336070615
omeprazole,66336070630
omeprazole,66336070660
omeprazole,66336070662
omeprazole,66336070690
omeprazole,66685042100
omeprazole,66685042101
omeprazole,66685042200
omeprazole,66685042201
omeprazole,66685042203
omeprazole,66993041230
omeprazole,66993041330
omeprazole,67457039210
omeprazole,67457039299
omeprazole,67877047810
omeprazole,67877047830
omeprazole,67877047890
omeprazole,67877047910
omeprazole,67877047930
omeprazole,67877047990
omeprazole,68001044139
omeprazole,68001044140
omeprazole,68001044198
omeprazole,68012005201
omeprazole,68012005230
omeprazole,68012005430
omeprazole,68012010230
omeprazole,68012010430
omeprazole,68071023015
omeprazole,68071023030
omeprazole,68071023060
omeprazole,68071023090
omeprazole,68071133108
omeprazole,68071136600
omeprazole,68071152203
omeprazole,68071200806
omeprazole,68071200809
omeprazole,68084012801
omeprazole,68084012811
omeprazole,68084046601
omeprazole,68084046611
omeprazole,68084055511
omeprazole,68084055521
omeprazole,68084055525
omeprazole,68084055595
omeprazole,68115040600
omeprazole,68115040630
omeprazole,68115040660
omeprazole,68115086700
omeprazole,68115086730
omeprazole,68115086790
omeprazole,68258499803
omeprazole,68258499903
omeprazole,68382041101
omeprazole,68382041106
omeprazole,68382041110
omeprazole,68382041201
omeprazole,68382041205
omeprazole,68382041206
omeprazole,68382041210
omeprazole,68382044106
omeprazole,68382044110
omeprazole,68382044116
omeprazole,68382044206
omeprazole,68382044210
omeprazole,68382044216
omeprazole,68382050001
omeprazole,68382050006
omeprazole,68382050010
omeprazole,68382050106
omeprazole,68382050206
omeprazole,68387037030
omeprazole,68387037060
omeprazole,68462023001
omeprazole,68462023010
omeprazole,68462023030
omeprazole,68462023090
omeprazole,68462023101
omeprazole,68462023110
omeprazole,68462023130
omeprazole,68462023190
omeprazole,68462023201
omeprazole,68462023210
omeprazole,68462023230
omeprazole,68462023290
omeprazole,68462039501
omeprazole,68462039510
omeprazole,68462039530
omeprazole,68462039590
omeprazole,68462039601
omeprazole,68462039610
omeprazole,68462039630
omeprazole,68462039690
omeprazole,68462039701
omeprazole,68462039710
omeprazole,68462039730
omeprazole,68462039790
omeprazole,68645032054
omeprazole,68645047354
omeprazole,68682010230
omeprazole,68682010430
omeprazole,68682099030
omeprazole,68682099130
omeprazole,68788688103
omeprazole,68788720101
omeprazole,68788720102
omeprazole,68788720103
omeprazole,68788720106
omeprazole,68788720109
omeprazole,68788732601
omeprazole,68788732602
omeprazole,68788732603
omeprazole,68788732606
omeprazole,68788732609
omeprazole,68788744201
omeprazole,68788744202
omeprazole,68788744203
omeprazole,68788744206
omeprazole,68788744209
omeprazole,68788745403
omeprazole,68788745406
omeprazole,68788748301
omeprazole,68788748302
omeprazole,68788748303
omeprazole,68788748306
omeprazole,68788748309
omeprazole,68788761501
omeprazole,68788761502
omeprazole,68788761503
omeprazole,68788761506
omeprazole,68788761509
omeprazole,68788762601
omeprazole,68788762602
omeprazole,68788762603
omeprazole,68788762604
omeprazole,68788762606
omeprazole,68788762608
omeprazole,68788762609
omeprazole,68788772101
omeprazole,68788772102
omeprazole,68788772103
omeprazole,68788772106
omeprazole,68788772109
omeprazole,68788780401
omeprazole,68788780403
omeprazole,68788780406
omeprazole,68788780408
omeprazole,68788780409
omeprazole,69097052734
omeprazole,69097052834
omeprazole,69097052934
omeprazole,69097091302
omeprazole,69097091402
omeprazole,69336011230
omeprazole,69336012930
omeprazole,69367019530
omeprazole,69367019630
omeprazole,69618004714
omeprazole,69618004742
omeprazole,69618005614
omeprazole,69618005642
omeprazole,69665021530
omeprazole,69665021630
omeprazole,69677018001
omeprazole,69677018030
omeprazole,69677018060
omeprazole,69677018090
omeprazole,69842079155
omeprazole,69842079174
omeprazole,69842089801
omeprazole,69842089802
omeprazole,69842089803
omeprazole,70000003201
omeprazole,70000003202
omeprazole,70000003203
omeprazole,70000025501
omeprazole,70000025502
omeprazole,70000025503
omeprazole,70000035601
omeprazole,70000035602
omeprazole,70000035603
omeprazole,70000035604
omeprazole,70000038102
omeprazole,70000052101
omeprazole,70347008130
omeprazole,70347008190
omeprazole,70347032530
omeprazole,70347032590
omeprazole,70515061001
omeprazole,70515062501
omeprazole,70677001601
omeprazole,70677001603
omeprazole,70748021507
omeprazole,70748021607
omeprazole,70849020030
omeprazole,70849040030
omeprazole,70934001460
omeprazole,70934011860
omeprazole,71205014330
omeprazole,71205015760
omeprazole,71205015790
omeprazole,71205050160
omeprazole,71248000203
omeprazole,71335003801
omeprazole,71335003802
omeprazole,71335003803
omeprazole,71335003804
omeprazole,71335003805
omeprazole,71335003806
omeprazole,71335005201
omeprazole,71335005202
omeprazole,71335005203
omeprazole,71335005204
omeprazole,71335005205
omeprazole,71335029901
omeprazole,71335029902
omeprazole,71335029903
omeprazole,71335029904
omeprazole,71335029905
omeprazole,71335029906
omeprazole,71335033200
omeprazole,71335033201
omeprazole,71335033202
omeprazole,71335033203
omeprazole,71335033204
omeprazole,71335033205
omeprazole,71335033206
omeprazole,71335033207
omeprazole,71335033208
omeprazole,71335033209
omeprazole,71335049000
omeprazole,71335049001
omeprazole,71335049002
omeprazole,71335049003
omeprazole,71335049004
omeprazole,71335049005
omeprazole,71335049006
omeprazole,71335049007
omeprazole,71335049008
omeprazole,71335049009
omeprazole,71335049200
omeprazole,71335049201
omeprazole,71335049202
omeprazole,71335049203
omeprazole,71335049204
omeprazole,71335049205
omeprazole,71335049206
omeprazole,71335049207
omeprazole,71335049208
omeprazole,71335049209
omeprazole,71335056900
omeprazole,71335056901
omeprazole,71335056902
omeprazole,71335056903
omeprazole,71335056904
omeprazole,71335056905
omeprazole,71335056906
omeprazole,71335056907
omeprazole,71335056908
omeprazole,71335056909
omeprazole,71335153202
omeprazole,71335163904
omeprazole,71399242003
omeprazole,71399244003
omeprazole,71800001230
omeprazole,71800001430
omeprazole,71800001630
omeprazole,71800001830
omeprazole,73457041580
omeprazole,73568000430
omeprazole,73568000502
omeprazole,75840009401
omeprazole,75840009501
omeprazole,75987003004
omeprazole,75987003104
omeprazole,76519117303
prilosec,00186060628
prilosec,00186060631
prilosec,00186060668
prilosec,00186060682
prilosec,00186061001
prilosec,00186062501
prilosec,00186074228
prilosec,00186074231
prilosec,00186074282
prilosec,00186074328
prilosec,00186074331
prilosec,00186074368
prilosec,00186074382
prilosec,00403535118
prilosec,16590033430
prilosec,16590033460
prilosec,16590033490
prilosec,18837012630
prilosec,18837012690
prilosec,23490785803
prilosec,23490785806
prilosec,23490785809
prilosec,37000045502
prilosec,37000045503
prilosec,37000045504
prilosec,37000045505
prilosec,37000045902
prilosec,37000045903
prilosec,37000045904
prilosec,49999074214
prilosec,52959053604
prilosec,52959053610
prilosec,52959053614
prilosec,52959053615
prilosec,52959053628
prilosec,52959053630
prilosec,52959053660
prilosec,54569326700
prilosec,54569326702
prilosec,54569482800
prilosec,54569536700
prilosec,54569558200
prilosec,54569855000
prilosec,54868216900
prilosec,54868216901
prilosec,54868216903
prilosec,54868216904
prilosec,54868449500
prilosec,54868449501
prilosec,55045309708
prilosec,55045310901
prilosec,55045310902
prilosec,55045310904
prilosec,55175281903
prilosec,55289039428
prilosec,55289071410
prilosec,55289071428
prilosec,57866006001
prilosec,58016032700
prilosec,58016032730
prilosec,58016032760
prilosec,58016032790
prilosec,58016038400
prilosec,58016038402
prilosec,58016038430
prilosec,58016038460
prilosec,58016038490
prilosec,58016077600
prilosec,58016077630
prilosec,58016077660
prilosec,58016077690
prilosec,60346068130
prilosec,61113060628
prilosec,61113060631
prilosec,61113060668
prilosec,61113060682
prilosec,61113074228
prilosec,61113074231
prilosec,61113074282
prilosec,61113074328
prilosec,61113074331
prilosec,61113074368
prilosec,61113074382
prilosec,62682400106
prilosec,66105055603
prilosec,66105055703
prilosec,66105055803
prilosec,68071133108
prilosec,70515061001
prilosec,70515062501
esomeprazole,00093645056
esomeprazole,00093645098
esomeprazole,00093645156
esomeprazole,00093645198
esomeprazole,00113089803
esomeprazole,00186038230
esomeprazole,00186038290
esomeprazole,00186038430
esomeprazole,00186038490
esomeprazole,00186051060
esomeprazole,00186052039
esomeprazole,00186052060
esomeprazole,00186401001
esomeprazole,00186402001
esomeprazole,00186402501
esomeprazole,00186404001
esomeprazole,00186405001
esomeprazole,00186502031
esomeprazole,00186502054
esomeprazole,00186502082
esomeprazole,00186502228
esomeprazole,00186504031
esomeprazole,00186504035
esomeprazole,00186504054
esomeprazole,00186504055
esomeprazole,00186504082
esomeprazole,00186504085
esomeprazole,00186504225
esomeprazole,00186504228
esomeprazole,00186602001
esomeprazole,00186604001
esomeprazole,00378235010
esomeprazole,00378235077
esomeprazole,00378235093
esomeprazole,00378235110
esomeprazole,00378235177
esomeprazole,00378235193
esomeprazole,00378253010
esomeprazole,00378253093
esomeprazole,00378253110
esomeprazole,00378253193
esomeprazole,00536113113
esomeprazole,00536113171
esomeprazole,00536113188
esomeprazole,00573245014
esomeprazole,00573245015
esomeprazole,00573245028
esomeprazole,00573245042
esomeprazole,00573245056
esomeprazole,00573245114
esomeprazole,00573245142
esomeprazole,00573245214
esomeprazole,00573245242
esomeprazole,00904658168
esomeprazole,11822068621
esomeprazole,11822068622
esomeprazole,11822068623
esomeprazole,12280000130
esomeprazole,12280000190
esomeprazole,12280001515
esomeprazole,13668015410
esomeprazole,13668015430
esomeprazole,13668015490
esomeprazole,13668015510
esomeprazole,13668015530
esomeprazole,13668015590
esomeprazole,16590050915
esomeprazole,16590050928
esomeprazole,16590050930
esomeprazole,16590050960
esomeprazole,16590050972
esomeprazole,16590050990
esomeprazole,16590062515
esomeprazole,16590062528
esomeprazole,16590062530
esomeprazole,16590062560
esomeprazole,16590095760
esomeprazole,16714073501
esomeprazole,16714073502
esomeprazole,16714073601
esomeprazole,16714073602
esomeprazole,16714097901
esomeprazole,16714097902
esomeprazole,16714098001
esomeprazole,16714098002
esomeprazole,16729025266
esomeprazole,16729025269
esomeprazole,17478085010
esomeprazole,18837010660
esomeprazole,18837010730
esomeprazole,18837010790
esomeprazole,21695009110
esomeprazole,21695009130
esomeprazole,21695009160
esomeprazole,21695009215
esomeprazole,21695009230
esomeprazole,23490753401
esomeprazole,23490902003
esomeprazole,31722057210
esomeprazole,31722057230
esomeprazole,31722057290
esomeprazole,31722057310
esomeprazole,31722057330
esomeprazole,31722057390
esomeprazole,33261056700
esomeprazole,33261056730
esomeprazole,33261056760
esomeprazole,33261056790
esomeprazole,33358026030
esomeprazole,33358026060
esomeprazole,42254024660
esomeprazole,42292000901
esomeprazole,42292000916
esomeprazole,42292001001
esomeprazole,42292001016
esomeprazole,43598040727
esomeprazole,43598040733
esomeprazole,43598040752
esomeprazole,43598050910
esomeprazole,43598050930
esomeprazole,43598050990
esomeprazole,43598051010
esomeprazole,43598051030
esomeprazole,43598051090
esomeprazole,46122053803
esomeprazole,46122053804
esomeprazole,46122053874
esomeprazole,47335050844
esomeprazole,47335050944
esomeprazole,49999030715
esomeprazole,49999030730
esomeprazole,49999030790
esomeprazole,50090074200
esomeprazole,50090146000
esomeprazole,50090149200
esomeprazole,50090302300
esomeprazole,50090302301
esomeprazole,50090303101
esomeprazole,50090306501
esomeprazole,50436312001
esomeprazole,50436312101
esomeprazole,52246020001
esomeprazole,52246020030
esomeprazole,52246040001
esomeprazole,52246040030
esomeprazole,52959064230
esomeprazole,52959064290
esomeprazole,52959091710
esomeprazole,53746095503
esomeprazole,53746095703
esomeprazole,54569527300
esomeprazole,54569527400
esomeprazole,54569527401
esomeprazole,54569654600
esomeprazole,54569654900
esomeprazole,54569655100
esomeprazole,54569659200
esomeprazole,54569659201
esomeprazole,54569673700
esomeprazole,54569673701
esomeprazole,54868451000
esomeprazole,54868451001
esomeprazole,54868451002
esomeprazole,54868451003
esomeprazole,54868463500
esomeprazole,54868541002
esomeprazole,55045343208
esomeprazole,55045345008
esomeprazole,55048053930
esomeprazole,55048054030
esomeprazole,55111028960
esomeprazole,55111049230
esomeprazole,55111049330
esomeprazole,55111070160
esomeprazole,55150018505
esomeprazole,55700004630
esomeprazole,55700042830
esomeprazole,55700085630
esomeprazole,55700088930
esomeprazole,55887039020
esomeprazole,55887039030
esomeprazole,55887039060
esomeprazole,55887039090
esomeprazole,55887063614
esomeprazole,55887063630
esomeprazole,55887063660
esomeprazole,55887063682
esomeprazole,55887063690
esomeprazole,57866312101
esomeprazole,58016021000
esomeprazole,58016021002
esomeprazole,58016021030
esomeprazole,58016021060
esomeprazole,58016021090
esomeprazole,58016066900
esomeprazole,58016066902
esomeprazole,58016066930
esomeprazole,58016066960
esomeprazole,58016066990
esomeprazole,58016082400
esomeprazole,58016082430
esomeprazole,58016082460
esomeprazole,58016082490
esomeprazole,58864076330
esomeprazole,59088070100
esomeprazole,60687023501
esomeprazole,60687023511
esomeprazole,60687024601
esomeprazole,60687024611
esomeprazole,60760024630
esomeprazole,60760050430
esomeprazole,61919024330
esomeprazole,61919050930
esomeprazole,61919078930
esomeprazole,61919078960
esomeprazole,61919083430
esomeprazole,61919086830
esomeprazole,62011033201
esomeprazole,62011033202
esomeprazole,62011033203
esomeprazole,62175082032
esomeprazole,62175082043
esomeprazole,62175082046
esomeprazole,62175084032
esomeprazole,62175084043
esomeprazole,62175084046
esomeprazole,62756050844
esomeprazole,62756050944
esomeprazole,63304073410
esomeprazole,63304073430
esomeprazole,63304073490
esomeprazole,63304073510
esomeprazole,63304073530
esomeprazole,63304073590
esomeprazole,63629331101
esomeprazole,63629331102
esomeprazole,63629331103
esomeprazole,63629380901
esomeprazole,63629459401
esomeprazole,63629459402
esomeprazole,63629459403
esomeprazole,63629459404
esomeprazole,63629459405
esomeprazole,63874106000
esomeprazole,63874106003
esomeprazole,63874106005
esomeprazole,63874106006
esomeprazole,63874106009
esomeprazole,65162095703
esomeprazole,65862078330
esomeprazole,65862078390
esomeprazole,65862078430
esomeprazole,65862078490
esomeprazole,66105083003
esomeprazole,66267059210
esomeprazole,66267059230
esomeprazole,66267059260
esomeprazole,67457039210
esomeprazole,67457039299
esomeprazole,67877047810
esomeprazole,67877047830
esomeprazole,67877047890
esomeprazole,67877047910
esomeprazole,67877047930
esomeprazole,67877047990
esomeprazole,68071136600
esomeprazole,68115086700
esomeprazole,68115086730
esomeprazole,68115086790
esomeprazole,68258499803
esomeprazole,68258499903
esomeprazole,68382044106
esomeprazole,68382044110
esomeprazole,68382044116
esomeprazole,68382044206
esomeprazole,68382044210
esomeprazole,68382044216
esomeprazole,68788720101
esomeprazole,68788720102
esomeprazole,68788720103
esomeprazole,68788720106
esomeprazole,68788720109
esomeprazole,68788732601
esomeprazole,68788732602
esomeprazole,68788732603
esomeprazole,68788732606
esomeprazole,68788732609
esomeprazole,68788744201
esomeprazole,68788744202
esomeprazole,68788744203
esomeprazole,68788744206
esomeprazole,68788744209
esomeprazole,68788748301
esomeprazole,68788748302
esomeprazole,68788748303
esomeprazole,68788748306
esomeprazole,68788748309
esomeprazole,68788761501
esomeprazole,68788761502
esomeprazole,68788761503
esomeprazole,68788761506
esomeprazole,68788761509
esomeprazole,68788772101
esomeprazole,68788772102
esomeprazole,68788772103
esomeprazole,68788772106
esomeprazole,68788772109
esomeprazole,69097052734
esomeprazole,69097052834
esomeprazole,69097052934
esomeprazole,69336012930
esomeprazole,69618005614
esomeprazole,69618005642
esomeprazole,69842089801
esomeprazole,69842089802
esomeprazole,69842089803
esomeprazole,70000003201
esomeprazole,70000003202
esomeprazole,70000003203
esomeprazole,70000025501
esomeprazole,70000025502
esomeprazole,70000025503
esomeprazole,70677001601
esomeprazole,70677001603
esomeprazole,70748021507
esomeprazole,70748021607
esomeprazole,70849020030
esomeprazole,70849040030
esomeprazole,71205014330
esomeprazole,71248000203
esomeprazole,71335005201
esomeprazole,71335005202
esomeprazole,71335005203
esomeprazole,71335005204
esomeprazole,71335005205
esomeprazole,75987003004
esomeprazole,75987003104
esomeprazole,76519117303
nexium,00186401001
nexium,00186402001
nexium,00186402501
nexium,00186404001
nexium,00186405001
nexium,00186502031
nexium,00186502054
nexium,00186502082
nexium,00186502228
nexium,00186504031
nexium,00186504035
nexium,00186504054
nexium,00186504055
nexium,00186504082
nexium,00186504085
nexium,00186504225
nexium,00186504228
nexium,00186602001
nexium,00186604001
nexium,00573245014
nexium,00573245015
nexium,00573245028
nexium,00573245042
nexium,00573245056
nexium,00573245114
nexium,00573245142
nexium,00573245214
nexium,00573245242
nexium,12280000130
nexium,12280000190
nexium,12280001515
nexium,16590050915
nexium,16590050928
nexium,16590050930
nexium,16590050960
nexium,16590050972
nexium,16590050990
nexium,16590062515
nexium,16590062528
nexium,16590062530
nexium,16590062560
nexium,18837010660
nexium,18837010730
nexium,18837010790
nexium,21695009110
nexium,21695009130
nexium,21695009160
nexium,21695009215
nexium,21695009230
nexium,23490902003
nexium,33261056700
nexium,33261056730
nexium,33261056760
nexium,33261056790
nexium,33358026030
nexium,33358026060
nexium,49999030715
nexium,49999030730
nexium,49999030790
nexium,50090074200
nexium,50090146000
nexium,50090149200
nexium,50436312101
nexium,52959064230
nexium,52959064290
nexium,52959091710
nexium,54569527300
nexium,54569527400
nexium,54569527401
nexium,54569654600
nexium,54569654900
nexium,54569655100
nexium,54868451000
nexium,54868451001
nexium,54868451002
nexium,54868451003
nexium,54868463500
nexium,54868541002
nexium,55045343208
nexium,55045345008
nexium,55048053930
nexium,55048054030
nexium,55700004630
nexium,55887039020
nexium,55887039030
nexium,55887039060
nexium,55887039090
nexium,55887063614
nexium,55887063630
nexium,55887063660
nexium,55887063682
nexium,55887063690
nexium,57866312101
nexium,58016021000
nexium,58016021002
nexium,58016021030
nexium,58016021060
nexium,58016021090
nexium,58016066900
nexium,58016066902
nexium,58016066930
nexium,58016066960
nexium,58016066990
nexium,58016082400
nexium,58016082430
nexium,58016082460
nexium,58016082490
nexium,58864076330
nexium,60760050430
nexium,61919050930
nexium,63629331101
nexium,63629331102
nexium,63629331103
nexium,63629380901
nexium,63874106000
nexium,63874106003
nexium,63874106005
nexium,63874106006
nexium,63874106009
nexium,66105083003
nexium,66267059210
nexium,66267059230
nexium,66267059260
nexium,68071136600
nexium,68115086700
nexium,68115086730
nexium,68115086790
nexium,68258499803
nexium,68258499903
lansoprazole,00067628614
lansoprazole,00067628628
lansoprazole,00067628642
lansoprazole,00093300819
lansoprazole,00093300893
lansoprazole,00093300919
lansoprazole,00093300993
lansoprazole,00093735056
lansoprazole,00093735156
lansoprazole,00093744819
lansoprazole,00093744865
lansoprazole,00093744893
lansoprazole,00093744919
lansoprazole,00093744965
lansoprazole,00093744993
lansoprazole,00093805514
lansoprazole,00093805578
lansoprazole,00113011701
lansoprazole,00113011702
lansoprazole,00113011703
lansoprazole,00300154111
lansoprazole,00300154119
lansoprazole,00300154130
lansoprazole,00300154311
lansoprazole,00300154330
lansoprazole,00300154411
lansoprazole,00300154430
lansoprazole,00300154507
lansoprazole,00300154530
lansoprazole,00300154607
lansoprazole,00300154630
lansoprazole,00300304611
lansoprazole,00300304613
lansoprazole,00300304619
lansoprazole,00300370201
lansoprazole,00300395425
lansoprazole,00300730930
lansoprazole,00300731130
lansoprazole,00378698132
lansoprazole,00378698188
lansoprazole,00378698232
lansoprazole,00378698288
lansoprazole,00378801510
lansoprazole,00378801593
lansoprazole,00378803005
lansoprazole,00378803077
lansoprazole,00378803093
lansoprazole,00395809919
lansoprazole,00395809935
lansoprazole,00536103413
lansoprazole,00536103471
lansoprazole,00536103488
lansoprazole,00536123613
lansoprazole,00536123688
lansoprazole,00536412288
lansoprazole,00591244814
lansoprazole,00676028642
lansoprazole,00676028643
lansoprazole,00781214710
lansoprazole,00781214731
lansoprazole,00781214801
lansoprazole,00781214810
lansoprazole,00781214892
lansoprazole,00781235310
lansoprazole,00781235331
lansoprazole,00781235501
lansoprazole,00781235510
lansoprazole,00781405442
lansoprazole,00781573313
lansoprazole,00781573413
lansoprazole,00904628241
lansoprazole,00904628242
lansoprazole,00904628271
lansoprazole,00904666245
lansoprazole,11822000406
lansoprazole,11822057407
lansoprazole,13411012003
lansoprazole,13411012006
lansoprazole,13411012009
lansoprazole,13411012010
lansoprazole,13411012015
lansoprazole,13411012103
lansoprazole,13411012106
lansoprazole,13411012109
lansoprazole,13411012110
lansoprazole,13411012115
lansoprazole,16571069703
lansoprazole,16571069803
lansoprazole,16571069809
lansoprazole,16571069850
lansoprazole,16590051530
lansoprazole,16590051560
lansoprazole,16590051572
lansoprazole,16590051590
lansoprazole,16590075330
lansoprazole,16590089030
lansoprazole,18837012530
lansoprazole,18837012560
lansoprazole,21695010615
lansoprazole,21695047430
lansoprazole,21695065230
lansoprazole,23490685501
lansoprazole,27241001903
lansoprazole,27241002003
lansoprazole,27241002009
lansoprazole,27241002050
lansoprazole,33261067402
lansoprazole,33261067407
lansoprazole,33261067414
lansoprazole,33261067420
lansoprazole,33261067421
lansoprazole,33261067428
lansoprazole,33261067430
lansoprazole,33261067460
lansoprazole,33261067490
lansoprazole,33358029830
lansoprazole,35356040830
lansoprazole,35356055730
lansoprazole,35356056530
lansoprazole,35356056630
lansoprazole,35356062030
lansoprazole,36800011703
lansoprazole,38779228903
lansoprazole,38779228904
lansoprazole,38779228905
lansoprazole,38779228909
lansoprazole,42254022730
lansoprazole,42254022760
lansoprazole,42254033115
lansoprazole,42254033130
lansoprazole,42291036401
lansoprazole,42291036430
lansoprazole,42291036501
lansoprazole,42291036530
lansoprazole,42291043301
lansoprazole,42291043401
lansoprazole,45802024501
lansoprazole,45802024502
lansoprazole,45802024503
lansoprazole,45963046003
lansoprazole,45963046103
lansoprazole,45963046110
lansoprazole,45963046196
lansoprazole,46122010703
lansoprazole,46122010704
lansoprazole,46122010774
lansoprazole,47335092383
lansoprazole,47335092418
lansoprazole,47335092483
lansoprazole,47335092488
lansoprazole,47463043930
lansoprazole,47463044030
lansoprazole,49452394102
lansoprazole,49452394103
lansoprazole,49452394104
lansoprazole,49452394105
lansoprazole,49452394106
lansoprazole,49999048000
lansoprazole,49999048030
lansoprazole,49999088330
lansoprazole,50090222500
lansoprazole,50090222501
lansoprazole,50090319500
lansoprazole,50090319501
lansoprazole,50268046511
lansoprazole,50268046515
lansoprazole,50268046611
lansoprazole,50268046615
lansoprazole,50436735001
lansoprazole,51079012101
lansoprazole,51079012108
lansoprazole,51407032401
lansoprazole,51552123902
lansoprazole,51552123904
lansoprazole,51927387700
lansoprazole,51991077110
lansoprazole,51991077133
lansoprazole,51991077205
lansoprazole,51991077233
lansoprazole,51991077290
lansoprazole,52959030720
lansoprazole,52959030730
lansoprazole,52959030760
lansoprazole,52959035201
lansoprazole,52959035207
lansoprazole,52959035220
lansoprazole,52959076930
lansoprazole,52959076960
lansoprazole,54569445000
lansoprazole,54569445100
lansoprazole,54569445101
lansoprazole,54569445102
lansoprazole,54569459200
lansoprazole,54569614900
lansoprazole,54569614901
lansoprazole,54569646900
lansoprazole,54868386700
lansoprazole,54868407900
lansoprazole,54868407901
lansoprazole,54868407902
lansoprazole,54868407903
lansoprazole,54868407904
lansoprazole,54868407905
lansoprazole,54868465900
lansoprazole,54868490900
lansoprazole,54868520500
lansoprazole,54868530300
lansoprazole,54868579500
lansoprazole,54868599800
lansoprazole,54868599801
lansoprazole,54868608600
lansoprazole,54868608601
lansoprazole,54868615200
lansoprazole,54868619700
lansoprazole,54868620500
lansoprazole,55045256002
lansoprazole,55045256008
lansoprazole,55045274008
lansoprazole,55048043930
lansoprazole,55048044030
lansoprazole,55111039830
lansoprazole,55111039890
lansoprazole,55111039905
lansoprazole,55111039990
lansoprazole,55154025300
lansoprazole,55154484800
lansoprazole,55154515408
lansoprazole,55289070407
lansoprazole,55289070414
lansoprazole,55289070430
lansoprazole,55289070460
lansoprazole,55289070490
lansoprazole,55700039330
lansoprazole,55700039333
lansoprazole,55700059560
lansoprazole,55700061630
lansoprazole,55700081430
lansoprazole,57237000101
lansoprazole,57237000114
lansoprazole,57866661401
lansoprazole,57866661402
lansoprazole,58016068300
lansoprazole,58016068330
lansoprazole,58016068360
lansoprazole,58016068390
lansoprazole,58864061430
lansoprazole,58864061460
lansoprazole,58864067930
lansoprazole,59779011701
lansoprazole,59779011702
lansoprazole,59779011703
lansoprazole,60346086930
lansoprazole,60687011111
lansoprazole,60687011121
lansoprazole,60687012301
lansoprazole,60687012311
lansoprazole,60760054407
lansoprazole,61919024530
lansoprazole,61919024560
lansoprazole,61919065590
lansoprazole,61919089030
lansoprazole,61919089130
lansoprazole,61919089160
lansoprazole,62175041532
lansoprazole,62175043032
lansoprazole,62175043041
lansoprazole,62175043046
lansoprazole,62756092383
lansoprazole,62756092418
lansoprazole,62756092483
lansoprazole,62991310601
lansoprazole,62991310602
lansoprazole,62991310603
lansoprazole,62991310604
lansoprazole,63187015230
lansoprazole,63629161301
lansoprazole,63629335201
lansoprazole,63629335202
lansoprazole,63629415101
lansoprazole,63629415102
lansoprazole,63629415103
lansoprazole,63629415104
lansoprazole,63629415105
lansoprazole,63629415106
lansoprazole,63629755201
lansoprazole,63739055510
lansoprazole,63739055541
lansoprazole,63739057410
lansoprazole,64679066901
lansoprazole,64679066905
lansoprazole,64679067001
lansoprazole,64679067005
lansoprazole,64679067007
lansoprazole,64764004611
lansoprazole,64764004613
lansoprazole,64764004619
lansoprazole,64764017130
lansoprazole,64764017530
lansoprazole,64764017590
lansoprazole,64764054111
lansoprazole,64764054119
lansoprazole,64764054130
lansoprazole,64764054311
lansoprazole,64764054411
lansoprazole,64764070201
lansoprazole,64764090530
lansoprazole,64764091530
lansoprazole,64764091590
lansoprazole,65628008003
lansoprazole,65628008005
lansoprazole,65628008010
lansoprazole,66105013401
lansoprazole,66105013403
lansoprazole,66105013406
lansoprazole,66105013409
lansoprazole,66105013415
lansoprazole,66105013501
lansoprazole,66105013503
lansoprazole,66105013506
lansoprazole,66105013509
lansoprazole,66105013510
lansoprazole,66267031730
lansoprazole,66267031760
lansoprazole,66336041930
lansoprazole,66336042030
lansoprazole,66336042090
lansoprazole,66336086930
lansoprazole,66336086940
lansoprazole,66336086960
lansoprazole,66336086990
lansoprazole,66993041864
lansoprazole,66993041882
lansoprazole,67801031330
lansoprazole,67801031803
lansoprazole,67877027430
lansoprazole,67877027530
lansoprazole,67877027590
lansoprazole,68001011104
lansoprazole,68001011105
lansoprazole,68001011203
lansoprazole,68001011204
lansoprazole,68001011205
lansoprazole,68084046701
lansoprazole,68084046721
lansoprazole,68084046801
lansoprazole,68115042715
lansoprazole,68115042728
lansoprazole,68115042730
lansoprazole,68115082215
lansoprazole,68115082230
lansoprazole,68115090800
lansoprazole,68115090830
lansoprazole,68258498609
lansoprazole,68382054306
lansoprazole,68382054310
lansoprazole,68382054401
lansoprazole,68382054406
lansoprazole,68382054410
lansoprazole,68382054416
lansoprazole,68382077130
lansoprazole,68382077177
lansoprazole,68382077230
lansoprazole,68382077277
lansoprazole,68788639006
lansoprazole,68788639008
lansoprazole,68788774201
lansoprazole,68788774203
lansoprazole,68788774206
lansoprazole,68788774208
lansoprazole,68788774209
lansoprazole,68788778901
lansoprazole,68788778903
lansoprazole,68788778906
lansoprazole,68788778908
lansoprazole,68788778909
lansoprazole,70000041402
lansoprazole,70000041403
lansoprazole,70000050801
lansoprazole,70700026305
lansoprazole,70700026330
lansoprazole,70700026390
lansoprazole,70756080630
lansoprazole,70756080730
lansoprazole,70756080751
lansoprazole,70756080790
lansoprazole,71335004301
lansoprazole,71335004302
lansoprazole,71335004303
lansoprazole,71335004304
lansoprazole,71335004305
lansoprazole,71335010501
lansoprazole,71335010502
lansoprazole,71335010503
lansoprazole,71335010504
lansoprazole,71335010505
lansoprazole,71335010506
lansoprazole,71335010507
lansoprazole,72189006290
lansoprazole,76519102603
lansoprazole,76519102604
lansoprazole,76519102606
prevacid,00067628614
prevacid,00067628628
prevacid,00067628642
prevacid,00300154111
prevacid,00300154119
prevacid,00300154130
prevacid,00300154311
prevacid,00300154330
prevacid,00300154411
prevacid,00300154430
prevacid,00300154507
prevacid,00300154530
prevacid,00300154607
prevacid,00300154630
prevacid,00300304611
prevacid,00300304613
prevacid,00300304619
prevacid,00300395425
prevacid,00300730930
prevacid,00300731130
prevacid,00676028642
prevacid,00676028643
prevacid,13411012003
prevacid,13411012006
prevacid,13411012009
prevacid,13411012010
prevacid,13411012015
prevacid,13411012103
prevacid,13411012106
prevacid,13411012109
prevacid,13411012110
prevacid,13411012115
prevacid,16590051530
prevacid,16590051560
prevacid,16590051572
prevacid,16590051590
prevacid,16590075330
prevacid,18837012530
prevacid,18837012560
prevacid,21695010615
prevacid,33358029830
prevacid,35356040830
prevacid,49999048000
prevacid,49999048030
prevacid,49999088330
prevacid,52959030720
prevacid,52959030730
prevacid,52959030760
prevacid,52959076930
prevacid,52959076960
prevacid,54569445000
prevacid,54569445100
prevacid,54569445101
prevacid,54569445102
prevacid,54868386700
prevacid,54868407900
prevacid,54868407901
prevacid,54868407902
prevacid,54868407903
prevacid,54868407904
prevacid,54868407905
prevacid,54868465900
prevacid,54868520500
prevacid,54868530300
prevacid,54868579500
prevacid,55045256002
prevacid,55045256008
prevacid,55045274008
prevacid,55154025300
prevacid,55289070407
prevacid,55289070414
prevacid,55289070430
prevacid,55289070460
prevacid,55289070490
prevacid,57866661401
prevacid,57866661402
prevacid,58016068300
prevacid,58016068330
prevacid,58016068360
prevacid,58016068390
prevacid,58864061430
prevacid,58864061460
prevacid,58864067930
prevacid,60346086930
prevacid,63629161301
prevacid,63629335201
prevacid,63629335202
prevacid,64764004611
prevacid,64764004613
prevacid,64764004619
prevacid,64764054111
prevacid,64764054119
prevacid,64764054130
prevacid,64764054311
prevacid,64764054411
prevacid,66105013401
prevacid,66105013403
prevacid,66105013406
prevacid,66105013409
prevacid,66105013415
prevacid,66105013501
prevacid,66105013503
prevacid,66105013506
prevacid,66105013509
prevacid,66105013510
prevacid,66267031730
prevacid,66267031760
prevacid,66336086930
prevacid,66336086940
prevacid,66336086960
prevacid,66336086990
prevacid,67801031330
prevacid,67801031803
prevacid,68115042715
prevacid,68115042728
prevacid,68115042730
prevacid,68115082215
prevacid,68115082230
prevacid,68115090800
prevacid,68115090830
rabeprazole,00093006456
rabeprazole,00378670905
rabeprazole,00378670977
rabeprazole,00378670993
rabeprazole,00904637561
rabeprazole,13551020501
rabeprazole,13551021001
rabeprazole,13668010705
rabeprazole,13668010730
rabeprazole,13668010790
rabeprazole,16590046730
rabeprazole,16590046760
rabeprazole,16590046771
rabeprazole,16590046790
rabeprazole,23594020501
rabeprazole,23594021001
rabeprazole,33358000830
rabeprazole,33358000860
rabeprazole,42291072130
rabeprazole,42291072190
rabeprazole,42291072210
rabeprazole,42291072230
rabeprazole,42291072290
rabeprazole,49999044730
rabeprazole,49999044790
rabeprazole,50090142400
rabeprazole,50090142401
rabeprazole,50090142402
rabeprazole,50090169900
rabeprazole,50090169901
rabeprazole,50090169902
rabeprazole,50090314500
rabeprazole,50090314501
rabeprazole,50090318200
rabeprazole,50090318201
rabeprazole,50090318202
rabeprazole,50090343000
rabeprazole,50090343001
rabeprazole,50436030201
rabeprazole,50436072401
rabeprazole,50436107001
rabeprazole,51407018405
rabeprazole,51407018430
rabeprazole,51407018490
rabeprazole,51991068333
rabeprazole,51991068390
rabeprazole,53217016830
rabeprazole,53217016860
rabeprazole,53217016890
rabeprazole,54569498000
rabeprazole,54569648900
rabeprazole,54569648901
rabeprazole,54569648902
rabeprazole,54868418500
rabeprazole,54868418501
rabeprazole,54868418502
rabeprazole,55045349501
rabeprazole,55700011630
rabeprazole,55700023830
rabeprazole,55700023860
rabeprazole,55700076730
rabeprazole,55700076760
rabeprazole,58016059700
rabeprazole,58016059730
rabeprazole,58016059760
rabeprazole,58016059790
rabeprazole,60429023205
rabeprazole,60429023230
rabeprazole,60429023290
rabeprazole,60760056030
rabeprazole,60760056060
rabeprazole,61919022530
rabeprazole,61919022560
rabeprazole,61919022590
rabeprazole,61919046730
rabeprazole,61919046760
rabeprazole,61919046790
rabeprazole,62175030232
rabeprazole,62175030243
rabeprazole,62175030246
rabeprazole,62856024030
rabeprazole,62856024130
rabeprazole,62856024330
rabeprazole,62856024341
rabeprazole,62856024390
rabeprazole,63187015830
rabeprazole,63187015860
rabeprazole,63187025930
rabeprazole,63187025960
rabeprazole,63187055530
rabeprazole,63187078830
rabeprazole,63187078860
rabeprazole,63187094530
rabeprazole,63187094560
rabeprazole,63629273302
rabeprazole,63629273303
rabeprazole,63629273304
rabeprazole,65162072403
rabeprazole,65162072409
rabeprazole,65862072130
rabeprazole,65862072190
rabeprazole,67877044330
rabeprazole,67877044390
rabeprazole,68115081630
rabeprazole,68115081690
rabeprazole,68180022006
rabeprazole,68180022009
rabeprazole,68387037115
rabeprazole,68387037130
rabeprazole,68788714303
rabeprazole,68788714306
rabeprazole,68788745903
rabeprazole,68788745906
rabeprazole,68788765703
rabeprazole,68788765706
rabeprazole,68788927503
rabeprazole,68788927506
rabeprazole,71205029230
rabeprazole,71335002702
rabeprazole,71335002703
rabeprazole,71335002704
rabeprazole,71335002705
rabeprazole,71335024402
rabeprazole,71335024403
rabeprazole,71335024404
rabeprazole,71335024405
rabeprazole,71335051802
rabeprazole,71335051803
rabeprazole,71335051804
rabeprazole,71335051805
rabeprazole,71335110003
rabeprazole,72189014290
rabeprazole,76420010730
rabeprazole,76420010760
rabeprazole,76420010790
rabeprazole,76519107407
aciphex,13551020501
aciphex,13551021001
aciphex,16590046730
aciphex,16590046760
aciphex,16590046771
aciphex,16590046790
aciphex,23594020501
aciphex,23594021001
aciphex,33358000830
aciphex,33358000860
aciphex,49999044730
aciphex,49999044790
aciphex,54569498000
aciphex,54868418500
aciphex,54868418501
aciphex,54868418502
aciphex,55045349501
aciphex,58016059700
aciphex,58016059730
aciphex,58016059760
aciphex,58016059790
aciphex,62856024030
aciphex,62856024130
aciphex,62856024330
aciphex,62856024341
aciphex,62856024390
aciphex,63629273302
aciphex,63629273303
aciphex,63629273304
aciphex,68115081630
aciphex,68115081690
aciphex,68387037115
aciphex,68387037130
pantoprazole,00008060601
pantoprazole,00008060701
pantoprazole,00008060704
pantoprazole,00008084181
pantoprazole,00008084199
pantoprazole,00008084381
pantoprazole,00008084401
pantoprazole,00008084402
pantoprazole,00008092303
pantoprazole,00008092351
pantoprazole,00008092355
pantoprazole,00008092360
pantoprazole,00008094101
pantoprazole,00008094102
pantoprazole,00008094103
pantoprazole,00008200101
pantoprazole,00008200110
pantoprazole,00008200125
pantoprazole,00008400101
pantoprazole,00008400110
pantoprazole,00008400125
pantoprazole,00093001198
pantoprazole,00093001298
pantoprazole,00143928401
pantoprazole,00143928410
pantoprazole,00143930001
pantoprazole,00143930010
pantoprazole,00378668877
pantoprazole,00378668899
pantoprazole,00378668910
pantoprazole,00378668977
pantoprazole,00378668999
pantoprazole,00781323295
pantoprazole,00904623561
pantoprazole,00904647461
pantoprazole,00904687045
pantoprazole,13668009605
pantoprazole,13668009630
pantoprazole,13668009690
pantoprazole,13668009705
pantoprazole,13668009730
pantoprazole,13668009790
pantoprazole,13668042905
pantoprazole,13668042930
pantoprazole,13668042990
pantoprazole,16590051630
pantoprazole,16590051660
pantoprazole,16590051672
pantoprazole,16590051690
pantoprazole,16590059928
pantoprazole,16590059930
pantoprazole,16590059960
pantoprazole,16590059990
pantoprazole,16590063530
pantoprazole,16590063560
pantoprazole,16590063572
pantoprazole,16590063582
pantoprazole,16590093956
pantoprazole,17478006914
pantoprazole,18837026230
pantoprazole,18837029630
pantoprazole,21695010815
pantoprazole,21695077130
pantoprazole,21695077160
pantoprazole,31722071290
pantoprazole,31722071310
pantoprazole,31722071390
pantoprazole,33261062902
pantoprazole,33261062930
pantoprazole,33261062960
pantoprazole,33261062990
pantoprazole,33261076500
pantoprazole,33261076530
pantoprazole,33261076560
pantoprazole,33261076590
pantoprazole,33342001910
pantoprazole,33342002010
pantoprazole,35356062230
pantoprazole,35356062260
pantoprazole,35356062290
pantoprazole,35356076830
pantoprazole,35356076860
pantoprazole,35573042851
pantoprazole,35573042880
pantoprazole,41616014481
pantoprazole,41616058081
pantoprazole,42254012430
pantoprazole,42254015730
pantoprazole,42254019330
pantoprazole,42254019360
pantoprazole,42254024730
pantoprazole,42254024760
pantoprazole,42254024790
pantoprazole,42291065910
pantoprazole,42291065990
pantoprazole,42291067518
pantoprazole,42291067618
pantoprazole,42291067690
pantoprazole,42291076510
pantoprazole,42291076590
pantoprazole,43063026130
pantoprazole,43063061830
pantoprazole,45865062230
pantoprazole,45865062260
pantoprazole,45865062290
pantoprazole,45963056908
pantoprazole,45963057005
pantoprazole,45963057008
pantoprazole,47335014481
pantoprazole,47335058081
pantoprazole,49452497201
pantoprazole,49452497202
pantoprazole,49452497203
pantoprazole,49452497204
pantoprazole,49452497205
pantoprazole,49999048130
pantoprazole,49999048190
pantoprazole,49999075530
pantoprazole,49999075630
pantoprazole,49999075690
pantoprazole,50090110000
pantoprazole,50090110001
pantoprazole,50090141500
pantoprazole,50090141501
pantoprazole,50090185000
pantoprazole,50090185001
pantoprazole,50090229500
pantoprazole,50090229501
pantoprazole,50090309500
pantoprazole,50090309501
pantoprazole,50268063611
pantoprazole,50268063615
pantoprazole,50268063711
pantoprazole,50268063715
pantoprazole,50268063911
pantoprazole,50268063915
pantoprazole,50436009602
pantoprazole,50436071202
pantoprazole,50436810101
pantoprazole,50436810102
pantoprazole,50436810202
pantoprazole,50742015110
pantoprazole,51079005101
pantoprazole,51079005120
pantoprazole,51407024990
pantoprazole,51407025010
pantoprazole,51407025090
pantoprazole,51407037490
pantoprazole,51655050052
pantoprazole,51655050152
pantoprazole,52959081930
pantoprazole,54569511800
pantoprazole,54569606200
pantoprazole,54569606201
pantoprazole,54569648200
pantoprazole,54569648201
pantoprazole,54868427100
pantoprazole,54868427101
pantoprazole,54868427102
pantoprazole,54868478600
pantoprazole,54868478601
pantoprazole,54868584600
pantoprazole,54868584601
pantoprazole,54868584602
pantoprazole,54868584603
pantoprazole,54868603800
pantoprazole,55045307709
pantoprazole,55048057030
pantoprazole,55048064210
pantoprazole,55111033290
pantoprazole,55111033390
pantoprazole,55150020200
pantoprazole,55150020210
pantoprazole,55154077700
pantoprazole,55154422505
pantoprazole,55154423200
pantoprazole,55154423605
pantoprazole,55154433000
pantoprazole,55154438200
pantoprazole,55154747705
pantoprazole,55154763400
pantoprazole,55154833605
pantoprazole,55289084130
pantoprazole,55700001930
pantoprazole,55700001960
pantoprazole,55700002630
pantoprazole,55700002660
pantoprazole,55700006030
pantoprazole,55700006060
pantoprazole,55700006090
pantoprazole,55700006230
pantoprazole,55700006260
pantoprazole,55700006290
pantoprazole,55700011860
pantoprazole,55700011960
pantoprazole,55700031430
pantoprazole,55700031490
pantoprazole,55700031830
pantoprazole,55700031860
pantoprazole,55700031890
pantoprazole,55700032930
pantoprazole,55700032960
pantoprazole,55700061530
pantoprazole,55700061560
pantoprazole,55700079030
pantoprazole,55700079060
pantoprazole,55700085030
pantoprazole,55700085060
pantoprazole,55700085090
pantoprazole,58016007200
pantoprazole,58016007230
pantoprazole,58016007260
pantoprazole,58016007290
pantoprazole,58016052500
pantoprazole,58016052502
pantoprazole,58016052530
pantoprazole,58016052560
pantoprazole,58016052590
pantoprazole,58864060130
pantoprazole,58864089230
pantoprazole,59746028390
pantoprazole,59746028490
pantoprazole,60760015160
pantoprazole,60760043230
pantoprazole,60760043330
pantoprazole,60760043360
pantoprazole,60760061330
pantoprazole,60760071230
pantoprazole,60760071260
pantoprazole,61919013430
pantoprazole,61919013460
pantoprazole,61919013490
pantoprazole,61919059930
pantoprazole,61919059960
pantoprazole,61919059990
pantoprazole,61919063530
pantoprazole,61919063560
pantoprazole,61919070030
pantoprazole,61919070040
pantoprazole,61919070090
pantoprazole,61919080660
pantoprazole,61919086630
pantoprazole,61919086640
pantoprazole,61919086690
pantoprazole,62175018046
pantoprazole,62175018143
pantoprazole,62175018146
pantoprazole,62175061743
pantoprazole,62175061746
pantoprazole,62175061846
pantoprazole,62756007164
pantoprazole,62756012940
pantoprazole,62756012944
pantoprazole,62756058081
pantoprazole,63187004230
pantoprazole,63187011930
pantoprazole,63187065430
pantoprazole,63187083160
pantoprazole,63187083710
pantoprazole,63187083730
pantoprazole,63187083760
pantoprazole,63187083790
pantoprazole,63187093830
pantoprazole,63187097490
pantoprazole,63629335301
pantoprazole,63629335302
pantoprazole,63629335303
pantoprazole,63629453201
pantoprazole,63629453202
pantoprazole,63629453203
pantoprazole,63629453204
pantoprazole,63739056410
pantoprazole,64679043302
pantoprazole,64679043304
pantoprazole,64679043402
pantoprazole,64679043404
pantoprazole,65162063609
pantoprazole,65162063709
pantoprazole,65162063711
pantoprazole,65862055990
pantoprazole,65862055999
pantoprazole,65862056090
pantoprazole,65862056099
pantoprazole,66105084403
pantoprazole,66105097503
pantoprazole,66116024130
pantoprazole,66267047930
pantoprazole,66336040530
pantoprazole,66336040590
pantoprazole,66336054430
pantoprazole,66993006751
pantoprazole,66993006785
pantoprazole,66993006851
pantoprazole,66993006880
pantoprazole,66993006885
pantoprazole,67801032503
pantoprazole,67801042430
pantoprazole,68071078230
pantoprazole,68071078260
pantoprazole,68084000601
pantoprazole,68084000611
pantoprazole,68084028301
pantoprazole,68084064301
pantoprazole,68084064311
pantoprazole,68084065701
pantoprazole,68084065711
pantoprazole,68084081309
pantoprazole,68084081311
pantoprazole,68115068790
pantoprazole,68115085315
pantoprazole,68115085390
pantoprazole,68258499009
pantoprazole,68387029330
pantoprazole,68645040070
pantoprazole,68645040170
pantoprazole,68645049054
pantoprazole,68645049154
pantoprazole,68645049254
pantoprazole,68645049270
pantoprazole,68645049701
pantoprazole,68788632603
pantoprazole,68788632609
pantoprazole,68788779801
pantoprazole,68788779803
pantoprazole,68788779806
pantoprazole,68788779808
pantoprazole,68788779809
pantoprazole,68788941906
pantoprazole,70332030001
pantoprazole,70332030002
pantoprazole,70332030102
pantoprazole,70934014530
pantoprazole,71335021201
pantoprazole,71335021202
pantoprazole,71335021203
pantoprazole,71335021204
pantoprazole,71335021205
pantoprazole,71335021206
pantoprazole,71335021207
pantoprazole,71335029101
pantoprazole,71335029102
pantoprazole,71335029103
pantoprazole,71335029104
pantoprazole,71335029105
pantoprazole,71335029106
pantoprazole,71335031001
pantoprazole,71335031002
pantoprazole,71335031003
pantoprazole,71335031004
pantoprazole,71335031005
pantoprazole,71335031006
pantoprazole,71335031007
pantoprazole,71335047601
pantoprazole,71335047602
pantoprazole,71335047603
pantoprazole,71335047604
pantoprazole,71335047605
pantoprazole,71335047606
pantoprazole,71335055101
pantoprazole,71335055102
pantoprazole,71335055103
pantoprazole,71335055104
pantoprazole,71335055105
pantoprazole,71335055106
pantoprazole,71335055107
pantoprazole,71335071501
pantoprazole,71335071502
pantoprazole,71335071503
pantoprazole,71335071504
pantoprazole,71335071505
pantoprazole,71335071506
pantoprazole,71335071507
pantoprazole,71335116501
pantoprazole,71335116502
pantoprazole,71335116503
pantoprazole,71335116504
pantoprazole,71335157201
pantoprazole,72189005690
pantoprazole,72189011230
pantoprazole,72189011260
pantoprazole,72189011290
pantoprazole,72572055001
pantoprazole,72572055010
pantoprazole,72789008630
pantoprazole,76519102000
protonix,00008084181
protonix,00008084199
protonix,00008084381
protonix,00008084401
protonix,00008084402
protonix,00008092303
protonix,00008092351
protonix,00008092355
protonix,00008092360
protonix,00008094101
protonix,00008094102
protonix,00008094103
protonix,00008200101
protonix,00008200110
protonix,00008200125
protonix,00008400101
protonix,00008400110
protonix,00008400125
protonix,16590051630
protonix,16590051660
protonix,16590051672
protonix,16590051690
protonix,16590093956
protonix,18837026230
protonix,21695010815
protonix,49999048130
protonix,49999048190
protonix,49999075530
protonix,49999075630
protonix,49999075690
protonix,52959081930
protonix,54569511800
protonix,54868427100
protonix,54868427101
protonix,54868427102
protonix,54868478600
protonix,54868478601
protonix,55045307709
protonix,55154422505
protonix,55154423200
protonix,55154423605
protonix,55289084130
protonix,58016007200
protonix,58016007230
protonix,58016007260
protonix,58016007290
protonix,58016052500
protonix,58016052502
protonix,58016052530
protonix,58016052560
protonix,58016052590
protonix,58864060130
protonix,58864089230
protonix,66105084403
protonix,66105097503
protonix,66116024130
protonix,66267047930
protonix,67801032503
protonix,67801042430
protonix,68115068790
protonix,68115085315
protonix,68115085390
protonix,68387029330
dexlansoprazole,35356056530
dexlansoprazole,35356056630
dexlansoprazole,54868599800
dexlansoprazole,54868599801
dexlansoprazole,54868615200
dexlansoprazole,55154515408
dexlansoprazole,64764017130
dexlansoprazole,64764017530
dexlansoprazole,64764017590
dexlansoprazole,64764090530
dexlansoprazole,64764091530
dexlansoprazole,64764091590
dexilant,54868615200
dexilant,55154515408
dexilant,64764017130
dexilant,64764017530
dexilant,64764017590
zegerid,11523726501
zegerid,11523726503
zegerid,16590031430
zegerid,54868561100
zegerid,68012005201
zegerid,68012005230
zegerid,68012005430
zegerid,68012010230
zegerid,68012010430
